{"cameraMode":{"drawMode":0,"name":"Shaded","section":"Shading Mode"},"sceneLighting":true,"audioPlay":false,"sceneViewState":{"m_AlwaysRefresh":false,"showFog":true,"showSkybox":true,"showFlares":true,"showImageEffects":true,"showParticleSystems":true,"showVisualEffectGraphs":true,"m_FxEnabled":true},"in2DMode":false,"pivot":{"x":0.08757173269987107,"y":0.027499999850988389,"z":0.3727681338787079},"rotation":{"x":0.026524942368268968,"y":-0.11014050990343094,"z":-0.0029393555596470834,"w":-0.9935678243637085},"size":0.007776178419589996,"orthographic":false}