{"cameraMode":{"drawMode":0,"name":"Shaded","section":"Shading Mode"},"sceneLighting":true,"audioPlay":false,"sceneViewState":{"m_AlwaysRefresh":false,"showFog":true,"showSkybox":true,"showFlares":true,"showImageEffects":true,"showParticleSystems":true,"showVisualEffectGraphs":true,"m_FxEnabled":true},"in2DMode":false,"pivot":{"x":-0.10531288385391236,"y":0.05725684389472008,"z":0.3809864819049835},"rotation":{"x":-0.09705919772386551,"y":-0.1096520870923996,"z":0.010759338736534119,"w":-0.989161491394043},"size":0.006612161640077829,"orthographic":false}